Month,Days with Data,Total Volume (USD),Estimated CEX Volume (USD),CEX % of Total,Avg Daily Total Volume (USD),Avg Daily CEX Volume (USD)
June,31,632486680.456716,0.0,0,20402796.14376503,0.0
July,32,892430374.2106476,0.0,0,27888449.194082737,0.0
September,31,819840735.9481229,0.0,0,26446475.353165254,0.0
October,32,979364702.7846801,0.0,0,30605146.962021254,0.0
